{
    "version": 2,
    "name": "mr.platformer.zip",
    "items": [
        "Mr. Platformer.sh",
        "mrplatformer/"
    ],
    "items_opt": null,
    "attr": {
        "title": "Mr. Platformer",
        "porter": [
            "tabreturn"
        ],
        "desc": "Run! Jump? Swim?! Mr. Platformer can do it all! Game files are already included and ready to go. Many thanks to Terry Cavanagh for the 4.1.3 version and permission to distribute the game files.",
        "inst": "Ready to run.",
        "genres": [
            "platformer"
        ],
        "image": {},
        "rtr": true,
        "runtime": "frt_4.1.3.squashfs",
        "reqs": []
    }
}
